{"cameraMode":{"drawMode":0,"name":"Shaded","section":"Shading Mode"},"sceneLighting":true,"audioPlay":false,"sceneViewState":{"showFog":true,"showMaterialUpdate":false,"showSkybox":true,"showFlares":true,"showImageEffects":true,"showParticleSystems":true},"in2DMode":false,"pivot":{"x":179.27806091308595,"y":99.66898345947266,"z":198.29246520996095},"rotation":{"x":0.046765197068452838,"y":-0.0344621017575264,"z":0.0016136988997459412,"w":0.9983100295066834},"size":533.8089599609375,"orthographic":false}