{"cameraMode":{"drawMode":0,"name":"Shaded","section":"Shading Mode"},"sceneLighting":false,"audioPlay":false,"sceneViewState":{"showFog":true,"showMaterialUpdate":false,"showSkybox":true,"showFlares":true,"showImageEffects":true,"showParticleSystems":true},"in2DMode":false,"pivot":{"x":296.1265869140625,"y":-0.8921966552734375,"z":1850.4193115234375},"rotation":{"x":-0.043798696249723437,"y":0.00509008439257741,"z":-0.00022336131951306015,"w":-0.9990274310112},"size":2237.045654296875,"orthographic":false}