{"cameraMode":{"drawMode":0,"name":"Shaded","section":"Shading Mode"},"sceneLighting":false,"audioPlay":false,"sceneViewState":{"showFog":true,"showMaterialUpdate":false,"showSkybox":true,"showFlares":true,"showImageEffects":true,"showParticleSystems":true},"in2DMode":false,"pivot":{"x":5.57185173034668,"y":0.07304179668426514,"z":-1.2405447959899903},"rotation":{"x":0.30880117416381838,"y":-0.6163366436958313,"z":0.28595224022865298,"w":0.665584146976471},"size":22.0,"orthographic":true}