{"cameraMode":{"drawMode":0,"name":"Shaded","section":"Shading Mode"},"sceneLighting":true,"audioPlay":false,"sceneViewState":{"showFog":true,"showMaterialUpdate":false,"showSkybox":true,"showFlares":true,"showImageEffects":true,"showParticleSystems":true},"in2DMode":false,"pivot":{"x":-4.309270858764648,"y":7.768482208251953,"z":-3.0284478664398195},"rotation":{"x":0.02015557326376438,"y":0.9737915992736816,"z":-0.20541740953922273,"w":0.09553713351488114},"size":40.010372161865237,"orthographic":true}