{"cameraMode":{"drawMode":0,"name":"Shaded","section":"Shading Mode"},"sceneLighting":false,"audioPlay":false,"sceneViewState":{"showFog":true,"showMaterialUpdate":false,"showSkybox":true,"showFlares":true,"showImageEffects":true,"showParticleSystems":true},"in2DMode":false,"pivot":{"x":-0.16960054636001588,"y":0.3943760395050049,"z":0.2563135623931885},"rotation":{"x":0.28842732310295107,"y":-0.18660444021224976,"z":0.0574171207845211,"w":0.937385618686676},"size":4.692995548248291,"orthographic":true}