{"cameraMode":{"drawMode":0,"name":"Shaded","section":"Shading Mode"},"sceneLighting":true,"audioPlay":false,"sceneViewState":{"showFog":true,"showMaterialUpdate":false,"showSkybox":true,"showFlares":true,"showImageEffects":true,"showParticleSystems":true},"in2DMode":false,"pivot":{"x":-1.515811800956726,"y":-2.330413341522217,"z":12.940205574035645},"rotation":{"x":0.27312758564949038,"y":-0.20717543363571168,"z":0.060360077768564227,"w":0.9374627470970154},"size":32.51478576660156,"orthographic":false}